DIOP,Mamadou,mamadou@gmail.com,M,777777777
DIOP,Mamadou,mamadou@gmail.com,M,777777778
DIOP,Mamadou,mamadou@gmail.com,M,777777779
DIOP,Mamadou,mamadou@gmail.com,M,777777780
DIOP,Mamadou,mamadou@gmail.com,M,777777781
DIOP,Mamadou,mamadou@gmail.com,M,777777782
DIOP,Mamadou,mamadou@gmail.com,M,777777783
DIOP,Mamadou,mamadou@gmail.com,M,777777784
DIOP,Mamadou,mamadou@gmail.com,M,777777785
DIOP,Mamadou,mamadou@gmail.com,M,777777786
DIOP,Mamadou,mamadou@gmail.com,M,777777787
DIOP,Mamadou,mamadou@gmail.com,M,777777788
Diouf,Fatou,fatou@gmail.com,F,777777789
Diouf,Fatou,fatou@gmail.com,F,777777790
Diouf,Fatou,fatou@gmail.com,F,777777791
DIOP,Mamadou,mamadou@gmail.com,M,777777792
DIOP,Mamadou,mamadou@gmail.com,M,777777793
DIOP,Mamadou,mamadou@gmail.com,M,777777794
DIOP,Mamadou,mamadou@gmail.com,M,777777795
DIOP,Mamadou,mamadou@gmail.com,M,777777796
DIOP,Mamadou,mamadou@gmail.com,M,777777797
DIOP,Mamadou,mamadou@gmail.com,M,777777798
DIOP,Mamadou,mamadou@gmail.com,M,777777799
DIOP,Mamadou,mamadou@gmail.com,M,777777800
DIOP,Mamadou,mamadou@gmail.com,M,777777801
DIOP,Mamadou,mamadou@gmail.com,M,777777802
DIOP,Mamadou,mamadou@gmail.com,M,777777803
Diouf,Fatou,fatou@gmail.com,F,777777804
Diouf,Fatou,fatou@gmail.com,F,777777805
Diouf,Fatou,fatou@gmail.com,F,777777806
DIOP,Mamadou,mamadou@gmail.com,M,777777807
DIOP,Mamadou,mamadou@gmail.com,M,777777808
DIOP,Mamadou,mamadou@gmail.com,M,777777809
